[
  {
    "mrnum": 1,
    "kin_address": "",
    "kin_first": "",
    "kin_last": "",
    "kin_telephone": "",
    "ssn": "",
    "addressline1": "",
    "addressline2": "",
    "city": "",
    "communication_preferences": "",
    "disability_status": "",
    "dob": "",
    "ethnicity": "",
    "first_name": "Vignesh",
    "first_visit": true,
    "gender": "",
    "gender_identity": "",
    "home_telephone": "",
    "last_name": "Chamy",
    "marital_status": "",
    "mobile_no": "",
    "occupation": "",
    "preferred_language": "",
    "race": "",
    "relationship": "",
    "salutation": "",
    "sex_orientation": "",
    "state": "",
    "zip_code": ""
  },
  {
    "mrnum": 2,
    "kin_address": "",
    "kin_first": "",
    "kin_last": "",
    "kin_telephone": "",
    "ssn": "",
    "addressline1": "",
    "addressline2": "",
    "city": "",
    "communication_preferences": "",
    "disability_status": "",
    "dob": "",
    "ethnicity": "",
    "first_name": "Vignesh",
    "first_visit": true,
    "gender": "",
    "gender_identity": "",
    "home_telephone": "",
    "last_name": "Chamy",
    "marital_status": "",
    "mobile_no": "",
    "occupation": "",
    "preferred_language": "",
    "race": "",
    "relationship": "",
    "salutation": "",
    "sex_orientation": "",
    "state": "",
    "zip_code": ""
  }
]
